path_index,chunk_index,log_gate,gate
0,0,-0.0007774144760333002,0.9992228876323077
0,1,-0.0010002745548263192,0.999000225553004
0,2,-0.0012191636487841606,0.9987815792292899
0,3,-0.0015920046716928482,0.9984092618955285
0,4,-0.0017724502831697464,0.9982291195791956
0,5,-0.0015015859389677644,0.9984995408771241
0,6,-0.0014463089173659682,0.9985547364833248
0,7,-0.0014013944892212749,0.9985995870054954
0,8,-0.0014109082985669374,0.9985900865646047
0,9,-0.0015994845889508724,0.9984017939047899
1,0,-0.0007774144760333002,0.9992228876323077
1,1,-0.0010002745548263192,0.999000225553004
1,2,-0.0012191636487841606,0.9987815792292899
1,3,-0.0015920046716928482,0.9984092618955285
1,4,-0.0017724502831697464,0.9982291195791956
1,5,-0.0015015859389677644,0.9984995408771241
1,6,-0.0014463089173659682,0.9985547364833248
1,7,-0.0014013944892212749,0.9985995870054954
1,8,-0.0014109082985669374,0.9985900865646047
1,9,-0.0015994845889508724,0.9984017939047899
2,0,-0.0009861355647444725,0.9990143505071409
2,1,-0.0012330921599641442,0.9987676677857803
2,2,-0.0015117599396035075,0.9984893821938378
2,3,-0.0017793448641896248,0.9982222372313797
2,4,-0.0020106686279177666,0.9979913514121441
2,5,-0.001863889629021287,0.9981378463345377
2,6,-0.0016580376541242003,0.9983433361309398
2,7,-0.0017802935326471925,0.9982212902498787
2,8,-0.001796707627363503,0.9982049054855436
2,9,-0.0018596579320728779,0.9981420701603532
3,0,-0.07707534730434418,0.9258200929300789
3,1,-0.10573790967464447,0.8996604094686116
3,2,-0.13893157243728638,0.8702875780786384
3,3,-0.17166753113269806,0.8422591515699671
3,4,-0.19307486712932587,0.8244202498511124
3,5,-0.16460518538951874,0.8482285310033545
3,6,-0.15183775126934052,0.8591276618062198
3,7,-0.15350712835788727,0.8576946502226118
3,8,-0.16356191039085388,0.8491139283990807
3,9,-0.17868514358997345,0.8363691941467664
4,0,-0.07687465846538544,0.9260059133350308
4,1,-0.10540658235549927,0.899958540927043
4,2,-0.13846896588802338,0.8706902719492293
4,3,-0.17103032767772675,0.8427960130381548
4,4,-0.1923559606075287,0.8250131440376455
4,5,-0.1639694720506668,0.8487679326291466
4,6,-0.15129059553146362,0.8595978670619668
4,7,-0.15298637747764587,0.8581414117823352
4,8,-0.16302737593650818,0.849567930378515
4,9,-0.17809399962425232,0.8368637549129055
5,0,-0.07808323949575424,0.9248874361754473
5,1,-0.1070251390337944,0.8985030852069659
5,2,-0.1406487375497818,0.8687944329669681
5,3,-0.17358367145061493,0.8406468100810979
5,4,-0.19524286687374115,0.8226348430402167
5,5,-0.16629959642887115,0.8467925001733482
5,6,-0.15347249805927277,0.8577243529587734
5,7,-0.15528228878974915,0.8561734551989896
5,8,-0.1654832363128662,0.8474840700436439
5,9,-0.18082284927368164,0.8345831926197051
6,0,-0.08002488315105438,0.923093376628929
6,1,-0.10971278697252274,0.8960914674834535
6,2,-0.14445187151432037,0.8654965664398296
6,3,-0.17819809913635254,0.8367766423385916
6,4,-0.2005101591348648,0.8183131766295808
6,5,-0.1702454388141632,0.8434577739134417
6,6,-0.1571844518184662,0.8545464216384648
6,7,-0.15923890471458435,0.852792598458093
6,8,-0.16985824704170227,0.8437844170566071
6,9,-0.18573789298534393,0.8304912440376873
7,0,-0.0788056030869484,0.924219572414875
7,1,-0.10810442268848419,0.8975338686372972
7,2,-0.1425621062517166,0.86713369819614
7,3,-0.1758224368095398,0.838766904242817
7,4,-0.1979912668466568,0.8203770175848407
7,5,-0.16770070791244507,0.8456068802639449
7,6,-0.1548561304807663,0.8565383983871161
7,7,-0.15707240998744965,0.8546421719481536
7,8,-0.16760310530662537,0.845689417726828
7,9,-0.18338660895824432,0.8324462623353881
8,0,-0.0844135731458664,0.9190510826383186
8,1,-0.11578792333602905,0.8906640923388285
8,2,-0.15336452424526215,0.857816969728535
8,3,-0.18879376351833344,0.8279572440769788
8,4,-0.21269471943378448,0.8084028892420311
8,5,-0.17916876077651978,0.8359648094217622
8,6,-0.16549676656723022,0.8474726034461799
8,7,-0.16821907460689545,0.8451686594099784
8,8,-0.17980222404003143,0.8354354241161792
8,9,-0.19708609580993652,0.8211199352834163
9,0,-0.08474522083997726,0.9187463320037074
9,1,-0.11630025506019592,0.8902078937412328
9,2,-0.15448077023029327,0.8568599692035499
9,3,-0.19003817439079285,0.826927565884763
9,4,-0.21422931551933289,0.8071632687343175
9,5,-0.17977602779865265,0.8354573096708641
9,6,-0.16608962416648865,0.8469703217785272
9,7,-0.1690843254327774,0.8444376928097455
9,8,-0.1809297651052475,0.8344939672335434
9,9,-0.1985408514738083,0.8199262748594893
10,0,-0.08121925592422485,0.9219915171792387
10,1,-0.11167542636394501,0.8943344877938111
10,2,-0.1491154134273529,0.8614696839924476
10,3,-0.18339259922504425,0.8324412757751155
10,4,-0.20708067715168,0.8129540605237713
10,5,-0.172674760222435,0.8414112307483527
10,6,-0.1595284342765808,0.8525457255308174
10,7,-0.16278298199176788,0.8497755850100788
10,8,-0.1745050698518753,0.8398725961887599
10,9,-0.19185136258602142,0.8254295490875911
11,0,-0.07914899289608002,0.923902259316468
11,1,-0.10893072932958603,0.896792536766933
11,2,-0.14582955837249756,0.8643050041827466
11,3,-0.1793186515569687,0.8358395153944945
11,4,-0.20267874002456665,0.8165405210811192
11,5,-0.16839288175106049,0.8450217758240267
11,6,-0.155584454536438,0.8559147879897576
11,7,-0.15897399187088013,0.8530185440970699
11,8,-0.17058882117271423,0.8431681951146679
11,9,-0.18770883977413177,0.8288560020040117
12,0,-0.08145489543676376,0.9217742851427964
12,1,-0.1119508445262909,0.8940882057494912
12,2,-0.15022684633731842,0.8605127501171287
12,3,-0.1844169795513153,0.831588975923566
12,4,-0.2084408402442932,0.811849062074069
12,5,-0.1727706640958786,0.8413305400215034
12,6,-0.159696564078331,0.8524023992360493
12,7,-0.16334640979766846,0.8492969326723893
12,8,-0.1754063218832016,0.8391160002983934
12,9,-0.19316138327121735,0.8243489272771196
13,0,-0.08179188519716263,0.9214637089807366
13,1,-0.11237365007400513,0.8937102602003222
13,2,-0.15125632286071777,0.8596273282814929
13,3,-0.18536977469921112,0.8307970193283757
13,4,-0.2096153199672699,0.8108961215267612
13,5,-0.17314033210277557,0.8410195845163242
13,6,-0.16010290384292603,0.8520561046072073
13,7,-0.16399520635604858,0.8487460904570179
13,8,-0.17627565562725067,0.8383868454295496
13,9,-0.19433750212192535,0.8233799648833501
14,0,-0.08360828459262848,0.9197914820325749
14,1,-0.11471375077962875,0.8916213332927289
14,2,-0.15440857410430908,0.8569218334069884
14,3,-0.18898159265518188,0.8278017441866387
14,4,-0.2136480063199997,0.8076326165726878
14,5,-0.17643176019191742,0.8382559796306616
14,6,-0.16321635246276855,0.8494073971511934
14,7,-0.16724050045013428,0.8459961244200865
14,8,-0.17971624433994293,0.8355072576914584
14,9,-0.19815762341022491,0.8202405538345
15,0,-0.08309578150510788,0.9202629988235767
15,1,-0.1140001118183136,0.892257856111634
15,2,-0.15365618467330933,0.8575668149458567
15,3,-0.1879402995109558,0.8286641774126139
15,4,-0.21248681843280792,0.8085709744838364
15,5,-0.17515404522418976,0.8393277163838625
15,6,-0.16207090020179749,0.850380910224679
15,7,-0.16618485748767853,0.8468896658224632
15,8,-0.17868869006633759,0.8363662279884474
15,9,-0.19713109731674194,0.8210829844804877
16,0,-0.08683281391859055,0.9168303640965089
16,1,-0.11899778246879578,0.8878097695056345
16,2,-0.16045556962490082,0.8517556665550138
16,3,-0.19601362943649292,0.8220010311909864
16,4,-0.2215505689382553,0.8012754014770971
16,5,-0.18264032900333405,0.8330677321609026
16,6,-0.16903667151927948,0.844477934529343
16,7,-0.17332208156585693,0.8408667435482001
16,8,-0.18634510040283203,0.8299871166645781
16,9,-0.20560285449028015,0.8141563506240554
17,0,-0.08703231066465378,0.9166474776654102
17,1,-0.11919209361076355,0.8876372749348229
17,2,-0.1607048511505127,0.8515433660654007
17,3,-0.19628190994262695,0.8217805339171784
17,4,-0.2218354046344757,0.8010472021414542
17,5,-0.18296082317829132,0.8328007815857372
17,6,-0.1693410873413086,0.8442209012092075
17,7,-0.17362169921398163,0.8406148427709557
17,8,-0.18663901090621948,0.8297432105783502
17,9,-0.2059118002653122,0.8139048593099044
18,0,-0.08610998839139938,0.9174933120567716
18,1,-0.1180642619729042,0.888638945087905
18,2,-0.15928658843040466,0.852751935107672
18,3,-0.1946692019701004,0.8231068951651036
18,4,-0.22007721662521362,0.8024568325616397
18,5,-0.18137063086032867,0.8341261485058664
18,6,-0.16784712672233582,0.8454830765747169
18,7,-0.17208342254161835,0.8419089360556044
18,8,-0.18504218757152557,0.831069222320291
18,9,-0.2041989266872406,0.8153001700928211
19,0,-0.08529812097549438,0.9182384974360743
19,1,-0.11690457165241241,0.8896700888590968
19,2,-0.15765894949436188,0.8541410375319666
19,3,-0.19269061088562012,0.824737099351356
19,4,-0.21783609688282013,0.8042572511347487
19,5,-0.1795533150434494,0.8356433973914409
19,6,-0.16615654528141022,0.846913643476797
19,7,-0.1703624725341797,0.8433590666886333
19,8,-0.18316633999347687,0.8326296446077874
19,9,-0.2021147608757019,0.8170011627931626
20,0,-0.09055305272340775,0.9134258728852822
20,1,-0.12403637170791626,0.8833477114335042
20,2,-0.16741080582141876,0.8458520590039172
20,3,-0.2044178545475006,0.8151216977081145
20,4,-0.23093843460083008,0.7937883344265917
20,5,-0.19035491347312927,0.8266656870822011
20,6,-0.17616216838359833,0.8384819970408968
20,7,-0.18059423565864563,0.8347740115114854
20,8,-0.1942519098520279,0.8234504428596745
20,9,-0.2143455594778061,0.807069446334075
21,0,-0.08923903107643127,0.9146269231853922
21,1,-0.12227751314640045,0.8849027622749075
21,2,-0.16499003767967224,0.8479021511186757
21,3,-0.20149794220924377,0.8175052598131346
21,4,-0.22768767178058624,0.7963729507425327
21,5,-0.18766799569129944,0.828889856558588
21,6,-0.17368412017822266,0.8405623724195566
21,7,-0.17806288599967957,0.8368897931826648
21,8,-0.19148868322372437,0.8257289696436215
21,9,-0.2113162875175476,0.8095179859516236
22,0,-0.0895819365978241,0.9143133463301075
22,1,-0.12279151380062103,0.8844480385503339
22,2,-0.16568425297737122,0.847313728743956
22,3,-0.2023715078830719,0.8167914271152537
22,4,-0.2286619246006012,0.795597459972862
22,5,-0.1884814351797104,0.8282158789748737
22,6,-0.1744288057088852,0.8399366507950329
22,7,-0.17879723012447357,0.8362754536758522
22,8,-0.1923145204782486,0.825047333397393
22,9,-0.2121848464012146,0.8088151771730241
23,0,-0.0901552364230156,0.9137893208746899
23,1,-0.12349706143140793,0.8838242384184103
23,2,-0.16650763154029846,0.8466163559239483
23,3,-0.2033032923936844,0.816030707983258
23,4,-0.22968344390392303,0.7947851567721624
23,5,-0.1894524097442627,0.8274120927135886
23,6,-0.17535832524299622,0.839156276013692
23,7,-0.17972739040851593,0.8354979451221702
23,8,-0.19323915243148804,0.8242848208460591
23,9,-0.2131681591272354,0.808020249811458
24,0,-0.10770990699529648,0.8978880296900952
24,1,-0.14622536301612854,0.863962975941226
24,2,-0.19658321142196655,0.8215329675245497
24,3,-0.23845282196998596,0.7878458563958338
24,4,-0.2684380114078522,0.7645728161333804
24,5,-0.22235235571861267,0.8006332069387163
24,6,-0.2062835842370987,0.8136023187720002
24,7,-0.2113102823495865,0.8095228472576932
24,8,-0.22686393558979034,0.7970292222236063
24,9,-0.2500786781311035,0.7787395108917127
25,0,-0.156331866979599,0.8552753056352322
25,1,-0.20633693039417267,0.8135589173725664
25,2,-0.2749050557613373,0.7596442436455726
25,3,-0.32727354764938354,0.7208865192399749
25,4,-0.36484262347221375,0.694305909733659
25,5,-0.30590197443962097,0.736458807705217
25,6,-0.28577375411987305,0.7514326052476018
25,7,-0.2924986779689789,0.7463962317942019
25,8,-0.31274718046188354,0.7314348102059082
25,9,-0.34368953108787537,0.709149062613277
26,0,-0.25446417927742004,0.7753318255395822
26,1,-0.31924185156822205,0.7266997745713908
26,2,-0.41776973009109497,0.6585138468911083
26,3,-0.483558714389801,0.6165852320767533
26,4,-0.5301899313926697,0.5884931857327081
26,5,-0.4551165699958801,0.6343740146616692
26,6,-0.4296180009841919,0.6507576360255192
26,7,-0.43845850229263306,0.6450299673275909
26,8,-0.4656737744808197,0.6277120263311317
26,9,-0.5076233744621277,0.6019244291888443
27,0,-0.36607635021209717,0.693449854145079
27,1,-0.4366580545902252,0.6461923561463879
27,2,-0.5603193044662476,0.5710267033593756
27,3,-0.6327117085456848,0.5311495236704333
27,4,-0.6833130717277527,0.5049413112899337
27,5,-0.6002163290977478,0.5486929250087507
27,6,-0.5718145370483398,0.5645002022852698
27,7,-0.5818944573402405,0.5588386670897343
27,8,-0.6138166785240173,0.5412810259570068
27,9,-0.6627262830734253,0.5154441704822835
28,0,-0.5948276519775391,0.5516576347775546
28,1,-0.6539615392684937,0.5199817629516541
28,2,-0.8061819076538086,0.4465598220638792
28,3,-0.8775358200073242,0.41580627178776464
28,4,-0.9277715682983398,0.3954339267545908
28,5,-0.8470070362091064,0.4286960856306636
28,6,-0.8163115382194519,0.44205916949885155
28,7,-0.8274683952331543,0.4371545892781578
28,8,-0.861956000328064,0.42233518611417153
28,9,-0.913993775844574,0.40091983842161405
29,0,-0.8136718273162842,0.44322761941492755
29,1,-0.8413920402526855,0.4311099830880985
29,2,-1.007500410079956,0.3651305164211065
29,3,-1.0781468152999878,0.34022544237300173
29,4,-1.1268787384033203,0.3240431028976352
29,5,-1.0546683073043823,0.34830793934719545
29,6,-1.0195237398147583,0.36076671808832633
29,7,-1.030389666557312,0.3568678739963389
29,8,-1.0690269470214844,0.3433424453166572
29,9,-1.1219236850738525,0.3256527383749677
30,0,-0.9680713415145874,0.3798148653170461
30,1,-0.9710339307785034,0.3786912950352011
30,2,-1.1582603454589844,0.3140320131828845
30,3,-1.242313027381897,0.28871563783918835
30,4,-1.2933416366577148,0.27435246335017177
30,5,-1.2241460084915161,0.2940086740546255
30,6,-1.1803263425827026,0.3071784768246999
30,7,-1.1891250610351562,0.3044875555819938
30,8,-1.2388056516647339,0.28973004997884905
30,9,-1.2960392236709595,0.27361337103909295
31,0,-1.1840453147888184,0.3060382102311849
31,1,-1.1475833654403687,0.31740289008281625
31,2,-1.3794772624969482,0.2517100969828799
31,3,-1.4864544868469238,0.22617313547151466
31,4,-1.5451319217681885,0.21328373259977715
31,5,-1.485233187675476,0.22644952927987924
31,6,-1.4263213872909546,0.24019086826086702
31,7,-1.4301484823226929,0.23927339173703002
31,8,-1.4947675466537476,0.22430073812815401
31,9,-1.5593345165252686,0.21027595982521508
32,0,-1.3019932508468628,0.2719891098382958
32,1,-1.2395813465118408,0.28950539501514194
32,2,-1.4933497905731201,0.22461896739595988
32,3,-1.6078813076019287,0.20031156339406636
32,4,-1.6697440147399902,0.18829526028108623
32,5,-1.618276596069336,0.19824005253994445
32,6,-1.5535602569580078,0.21149366007326872
32,7,-1.554220199584961,0.21135413243683748
32,8,-1.622759461402893,0.19735335803165022
32,9,-1.6898952722549438,0.18453884931858713
33,0,-1.5362178087234497,0.2151934670513359
33,1,-1.4174596071243286,0.2423288460867033
33,2,-1.7036633491516113,0.1820155148424335
33,3,-1.8249962329864502,0.16121825143997054
33,4,-1.8906211853027344,0.15097799439015847
33,5,-1.8576287031173706,0.15604221441466612
33,6,-1.785491704940796,0.16771457463737904
33,7,-1.7805171012878418,0.16855096680797052
33,8,-1.8500120639801025,0.15723526941902388
33,9,-1.9188177585601807,0.1467803894526304
